{
  "project_info": {
    "project_number": "925791944287",
    "firebase_url": "https://randomchat-31a7b.firebaseio.com",
    "project_id": "randomchat-31a7b",
    "storage_bucket": "randomchat-31a7b.appspot.com"
  },
  "client": [
    {
      "client_info": {
        "mobilesdk_app_id": "1:925791944287:android:02643f2963033732",
        "android_client_info": {
          "package_name": "com.eclairios.englisher"
        }
      },
      "oauth_client": [
        {
          "client_id": "925791944287-m2o35lt186of6p96co15v8hhcrk4ao14.apps.googleusercontent.com",
          "client_type": 1,
          "android_info": {
            "package_name": "com.eclairios.englisher",
            "certificate_hash": "ad4075936d4d64c3a8335451f490e89ee0c42ffa"
          }
        },
        {
          "client_id": "925791944287-os7tg2vvjehjqfh2vvf76qc6jpv50bd9.apps.googleusercontent.com",
          "client_type": 3
        }
      ],
      "api_key": [
        {
          "current_key": "AIzaSyAsypteX_0wZB-bnScU8RyLFIqjjC8mGsg"
        }
      ],
      "services": {
        "appinvite_service": {
          "other_platform_oauth_client": [
            {
              "client_id": "925791944287-os7tg2vvjehjqfh2vvf76qc6jpv50bd9.apps.googleusercontent.com",
              "client_type": 3
            }
          ]
        }
      }
    },
    {
      "client_info": {
        "mobilesdk_app_id": "1:925791944287:android:faa1fe293fa6f70c",
        "android_client_info": {
          "package_name": "com.eclairios.englisher_pro"
        }
      },
      "oauth_client": [
        {
          "client_id": "925791944287-fke1ns4q876q37c3ig8u30d4btlns74b.apps.googleusercontent.com",
          "client_type": 1,
          "android_info": {
            "package_name": "com.eclairios.englisher_pro",
            "certificate_hash": "ad4075936d4d64c3a8335451f490e89ee0c42ffa"
          }
        },
        {
          "client_id": "925791944287-os7tg2vvjehjqfh2vvf76qc6jpv50bd9.apps.googleusercontent.com",
          "client_type": 3
        }
      ],
      "api_key": [
        {
          "current_key": "AIzaSyAsypteX_0wZB-bnScU8RyLFIqjjC8mGsg"
        }
      ],
      "services": {
        "appinvite_service": {
          "other_platform_oauth_client": [
            {
              "client_id": "925791944287-os7tg2vvjehjqfh2vvf76qc6jpv50bd9.apps.googleusercontent.com",
              "client_type": 3
            }
          ]
        }
      }
    },
    {
      "client_info": {
        "mobilesdk_app_id": "1:925791944287:android:6bc175951f53a663",
        "android_client_info": {
          "package_name": "com.eclairios.livescores_footballway"
        }
      },
      "oauth_client": [
        {
          "client_id": "925791944287-iaegh36gsalqrlmgc5bdc0dtcs34g6up.apps.googleusercontent.com",
          "client_type": 1,
          "android_info": {
            "package_name": "com.eclairios.livescores_footballway",
            "certificate_hash": "ad4075936d4d64c3a8335451f490e89ee0c42ffa"
          }
        },
        {
          "client_id": "925791944287-os7tg2vvjehjqfh2vvf76qc6jpv50bd9.apps.googleusercontent.com",
          "client_type": 3
        }
      ],
      "api_key": [
        {
          "current_key": "AIzaSyAsypteX_0wZB-bnScU8RyLFIqjjC8mGsg"
        }
      ],
      "services": {
        "appinvite_service": {
          "other_platform_oauth_client": [
            {
              "client_id": "925791944287-os7tg2vvjehjqfh2vvf76qc6jpv50bd9.apps.googleusercontent.com",
              "client_type": 3
            }
          ]
        }
      }
    },
    {
      "client_info": {
        "mobilesdk_app_id": "1:925791944287:android:1e57e5733af54523",
        "android_client_info": {
          "package_name": "com.messangingapp"
        }
      },
      "oauth_client": [
        {
          "client_id": "925791944287-cbns7nqaomc703j70us9hnu13kjg6ohs.apps.googleusercontent.com",
          "client_type": 1,
          "android_info": {
            "package_name": "com.messangingapp",
            "certificate_hash": "bc2b1efac9323d25de8049fdf7d2f3acd5a9b939"
          }
        },
        {
          "client_id": "925791944287-os7tg2vvjehjqfh2vvf76qc6jpv50bd9.apps.googleusercontent.com",
          "client_type": 3
        }
      ],
      "api_key": [
        {
          "current_key": "AIzaSyAsypteX_0wZB-bnScU8RyLFIqjjC8mGsg"
        }
      ],
      "services": {
        "appinvite_service": {
          "other_platform_oauth_client": [
            {
              "client_id": "925791944287-os7tg2vvjehjqfh2vvf76qc6jpv50bd9.apps.googleusercontent.com",
              "client_type": 3
            }
          ]
        }
      }
    },
    {
      "client_info": {
        "mobilesdk_app_id": "1:925791944287:android:e46be9224edcc2b4",
        "android_client_info": {
          "package_name": "com.randomchat"
        }
      },
      "oauth_client": [
        {
          "client_id": "925791944287-l60kvdanbspaurehhrkvjj9lvigmqcj0.apps.googleusercontent.com",
          "client_type": 1,
          "android_info": {
            "package_name": "com.randomchat",
            "certificate_hash": "bc2b1efac9323d25de8049fdf7d2f3acd5a9b939"
          }
        },
        {
          "client_id": "925791944287-os7tg2vvjehjqfh2vvf76qc6jpv50bd9.apps.googleusercontent.com",
          "client_type": 3
        }
      ],
      "api_key": [
        {
          "current_key": "AIzaSyAsypteX_0wZB-bnScU8RyLFIqjjC8mGsg"
        }
      ],
      "services": {
        "appinvite_service": {
          "other_platform_oauth_client": [
            {
              "client_id": "925791944287-os7tg2vvjehjqfh2vvf76qc6jpv50bd9.apps.googleusercontent.com",
              "client_type": 3
            }
          ]
        }
      }
    }
  ],
  "configuration_version": "1"
}