1,drawing,অঙ্কন
1,hobby,শখ
1,collecting,সংগ্রহ
1,read,পড়া
1,drink,পান করা
1,peanuts,চিনাবাদাম
1,interesting,মজাদার
1,greeted,দেখলেও
1,loudest,লাউড সাউন্ড
1,lovingly,প্রেমের সঙ্গে
1,assuming,অভিমানী
1,excited,উত্তেজিত
1,warmly,উষ্ণভাবে
1,afraid,ভীত
1,glad,আনন্দিত
2,elder,অগ্রজ
2,brother,ভাই
2,parents,বাবা
2,small,ছোট
2,town,শহর
2,father,পিতা
2,telephone,টেলিফোন
2,fine,জরিমানা
2,hello,হ্যালো
2,test,পরীক্ষা
2,album,অ্যালবাম
2,hit,আঘাত
2,generation,প্রজন্ম
2,bed,বিছানা
2,selected,নির্বাচিত
2,understand,বোঝা
2,place,জায়গা
2,next,পরবর্তী
2,conversation,কথোপকথন
2,practise,অনুশীলন
2,above,উপরে
2,focus,কেন্দ্রবিন্দু
2,groups,গ্রুপ
2,meanings,অর্থ
3,sitting,অধিবেশন
3,station,স্টেশান
3,house,গৃহ
3,tightly,আঁটসাঁটভাবে
3,lock,তালা
3,picked,অবচিত
3,crowed,ডেকে উঠল
3,old,পুরাতন
3,couple,দম্পতি
3,corner,কোণ
3,down,নিচে
3,dried,শুকনো
3,talking,কথা বলা
3,train,রেলগাড়ি
3,watching,পর্যবেক্ষক
3,long,দীর্ঘ
3,havy,havy
3,shopping,কেনাকাটা
3,busy,ব্যস্ত
3,place,জায়গা
4,recognize,চেনা
4,words,শব্দ
4,sentence,বাক্য
4,laughing,হাস্যময়
4,someone,কেউ
4,noise,গোলমাল
4,hear,শোনা
4,name,নাম
4,sorry,দুঃখিত
4,meet,সম্মেলন
4,nice,চমৎকার
4,imagine,কল্পনা করা
4,coming,আসছে
4,welcome,স্বাগত
4,student,ছাত্র
4,like,মত
4,pairs,জোড়া
4,offices,অফিসের
4,moment,মুহূর্ত
4,building,ভবন
4,just,মাত্র
4,issuance,ইস্যুকরণ
4,hall,হল
4,library,গ্রন্থাগার
4,pilot,চালক
4,lawyer,আইনজীবী
4,patient,ধৈর্যশীল
4,listen,শোনা
4,language,ভাষা
4,picture,ছবি
4,below,নিচে
5,nurse,নার্স
5,postman,পিয়ন
5,worker,কর্মী
5,cleaner,পরিষ্কারক
5,newspaper,সংবাদপত্র
5,waiter,ওয়েটার
5,every,প্রতি
5,morning,সকাল
5,wakes,উঠছে
5,walks,পদচারনা
5,collecting,সংগ্রহ
5,rubbish,আবর্জনা
5,mind,মন
5,worker,কর্মী
5,hard,কঠিন
5,keep,রাখা
5,area,এলাকায়
5,bins,বিন
5,put ,করা
5,last,গত
5,month,মাস
5,sick,অসুস্থ
5,whole,গোটা
5,back,পিছনে
5,realise,সাধা
5,dustbin,ত্তঁচলাকুড়
5,shout,চিত্কার
5,present,বর্তমান
5,people,সম্প্রদায়
6,ask,জিজ্ঞাসা করা
6,question,প্রশ্ন
6,participate,অংশগ্রহণ
6,open,খোলা
6,day,দিন
6,holiday,ছুটির দিন
6,table,টেবিল
6,room,ঘর
6,playing,কেলি
6,ring,রিং
6,doorbell,ডোর বেল
6,cooking,রান্না
6,smeel,smeel
6,good,ভাল
6,delicious,সুস্বাদু
6,favourite,প্রিয়
6,food,খাদ্য
6,usually,সাধারণত
6,taste,স্বাদ
6,sweet,মিষ্টি
6,please,অনুগ্রহ
7,elephant,হাতি
7,holding,ধারণ
7,hands,হাত
7,pairs,জোড়া
7,never,না
7,fail,ব্যর্থ
7,outside,বাহিরে
7,boxing,বক্সিং
7,example,উদাহরণ
7,can,করতে পারেন
7,look,চেহারা
7,following,অনুসরণ
7,recite,আবৃত্তি করা
7,individually,স্বতন্ত্রভাবে
7,outside,বাহিরে
8,some,কিছু
8,guest,অতিথি
8,visit,দর্শন
8,tonight,অদ্য রজনীতে
8,think,মনে
8,enough,যথেষ্ট
8,half,অর্ধেক
8,about,সম্পর্কিত
8,dear,প্রিয়
8,buy,কেনা
8,items,আইটেম
8,carrots,গাজর
8,oil,তেল
8,noodles,নুডলস
8,salt,লবণ
8,sail,পাল
8,want,প্রয়োজন
8,altogater,altogater
8,asking,জিজ্ঞাসা
8,garden,বাগান
9,fever,জ্বর
9,burn,পোড়া
9,cold,ঠান্ডা
9,problem,সমস্যা
9,recently,সম্প্রতি
9,sick,অসুস্থ
9,advice,পরামর্শ
9,flu,ফ্লু
9,proverb,প্রবাদ
9,proper,সঠিক
9,clinliness,clinliness
9,medicare,মেডিকেয়ার
9,essential,অপরিহার্য
9,regular,নিয়মিত
9,rest,বিশ্রাম
9,physical,শারীরিক
9,paragraph,অনুচ্ছেদ
10,instruction,নির্দেশ
10,honey,মধু
10,ancient,প্রাচীন
10,cough,কাশি
10,ginger,আদা
10,tea,চা
10,best,সেরা
10,forehead,কপাল
10,garlic,রসুন
10,pepper,মরিচ
10,remedies,প্রতিকার
10,teeth,দাঁত
10,normal,সাধারণ
10,place,জায়গা
10,clove,লবঙ্গ
10,sensitive,সংবেদনশীল
10,release,মুক্তি
11,mane,কেশর
11,wet,ভিজা
11,pain,ব্যথা
11,shade,ছায়া
11,face,মুখ
11,debt,ঋণ
11,gATe,গেট
11,back,পিছনে
11,look,চেহারা
11,made,প্রণীত
11,hat,টুপি
11,too,অত্যধিক
11,read,পড়া
11,add,যোগ
11,done,সম্পন্ন
11,difference,পার্থক্য
11,between,মধ্যে
12,country,দেশ
12,natural,প্রাকৃতিক
12,resources,সম্পদ
12,deep,গভীর
12,plain,সমভূমি
12,nests,বাসা
12,lay,রাখা
12,found,পাওয়া
12,yellow,হলুদ
12,describe,বর্ণনা করা
12,chilli,লঙ্কা
12,know,জানা
12,simple,সহজ
12,models,মডেল
12,give,দিতে
12,paragraph,অনুচ্ছেদ
12,beak,ঠোঁট
13,have,আছে
13,spot,অকুস্থল
13,picnic,পিকনিক
13,activity,কার্যকলাপ
13,photo,ছবি
13,text,পাঠ
13,eye,চোখ
13,many,অনেক
13,glory,গরিমা
13,hills,পাহাড়
13,rural,গ্রামীণ
13,located,অবস্থিত
13,beauty,সৌন্দর্য
13,pullers,চালক
13,way,পথ
13,viewers,দর্শকদের
13,passage,উত্তরণ
13,match,ম্যাচ
13,gentle,মৃদু
13,flow,প্রবাহ
14,unforgettable,অবিস্মরণীয়
14,grief,বিষাদ
14,memory,স্মৃতি
14,celebrate,উদযাপন
14,annually,সালিয়ানা
14,independent,স্বাধীন
14,resisting,প্রতিরোধক
14,respect,সম্মান
14,along,বরাবর
14,promise,প্রতিশ্রুতি
14,admit,সত্য বলিয়া স্বীকার করা
14,defeat,পরাজয়
14,well,ভাল
14,sacrifice,বলিদান
14,inspiration,প্রেরণা
14,exactly,ঠিক
14,feel,মনে
15,beside,পাশে
15,suddenly,হঠাৎ
15,reflection,প্রতিফলন
15,hairstyle,"hairstyle,"
15,flap,পক্ষবিধুনন
15,unruly,অবশ
15,wool,উল
15,horns,শিং
15,ribbons,রাস
15,stared,stared
15,move,পদক্ষেপ
15,quickly,দ্রুত
15,difficult,কঠিন
15,control,নিয়ন্ত্রণ
15,manage,পরিচালনা করা
16,answer,উত্তর
16,very,খুব
16,bussinessman,bussinessman
16,married,বিবাহিত
16,husband,স্বামী
16,died,মারা যান
16,ago,পূর্বে
16,spend,ব্যয় করা
16,establish,স্থাপন করা
16,now,এখন
16,nobody,কেউ কিছু
16,already,ইতিমধ্যে
16,often,প্রায়ই
16,get,পাওয়া
16,ghost,প্রেতাত্মা
16,story,গল্প
16,whom,যাদের
16,miserable,দু: স্থ
16,cues,ইঙ্গিত
16,around,কাছাকাছি
16,particular,বিশেষ
17,boats,নৌকা
17,ship,জাহাজ
17,river,নদী
17,sail,পাল
17,preety,প্রীতির এ কেমন
17,please,অনুগ্রহ
17,heaven,স্বর্গ
17,far,এ পর্যন্ত
17,bridge,সেতু
17,sky,আকাশ
17,build,নির্মাণ করা
17,road,রাস্তা
17,poet,কবি
17,overtops,overtops
17,cloud,মেঘ
18,magic,জাদু
18,plane,সমতল
18,plan,পরিকল্পনা
18,key,চাবি
18,say,বলা
18,ready,প্রস্তুত
18,bike,সাইকেল
18,fly,মাছি
18,child,শিশু
18,drive,ড্রাইভ
18,light,আলো
18,come,আসা
18,carefull,সাবধান
18,make,করা
18,government,সরকার
18,office,দপ্তর
18,right,অধিকার
18,ride,অশ্বারোহণ
19,son,পুত্র
19,ingredient,উপাদান
19,sandwitch,sandwitch
19,spread,বিস্তার
19,bread,রুটি
19,slice,ফালি
19,remember,মনে রাখা
19,extra,অতিরিক্ত
19,finally,পরিশেষে
19,compare,তুলনা করা
19,spoon,চামচ
19,pour,ঢালা
19,stove,চুলা
19,break,বিরতি
19,thinly,ক্রমে ক্রমে
19,serve,পরিবেশন করা
19,gentle,মৃদু
19,shake,ঝাঁকি
20,street,রাস্তা
20,blank,ফাঁকা
20,hear,শোনা
20,improve,উন্নত করা
20,package,প্যাকেজ
20,wrist,কব্জি
20,easier,সহজ
20,try,চেষ্টা
20,little,সামান্য
20,fill,পূরণ করা
20,numb,অসাড়
20,chalk,খড়ি
21,mystic,নিগূঢ়
21,bard,কবি
21,prayer,প্রার্থনা
21,maditation,maditation
21,recive,recive
21,away,দূরে
21,property,সম্পত্তি
21,publish,প্রকাশ করা
21,death,মরণ
21,mankind,মানবজাতি
21,comfort,সান্ত্বনা
21,luxury,বিলাসিতা
21,crazy,পাগল
21,contain,ধারণ করা
21,beyond,তার পরেও
21,eminent,বিশিষ্ট
21,grow,হত্তয়া
22,pyramid,পিরামিড
22,huge,বিপুল
22,token,টোকেন
22,took,গ্রহণ
22,symbolise,নিয়মভুক্ত করা
22,icon,আইকন
22,access,প্রবেশ
22,remain,থাকা
22,wonder,আশ্চর্য
22,unbelievable,অবিশ্বাস্য
22,surprise,বিস্ময়
22,level,উচ্চতা
22,company,কোম্পানী
22,lesson,পাঠ
22,amazing,আশ্চর্যজনক
23,awsome,অসাধারণ সব
23,fabulous,কল্পিত
23,construction,নির্মাণ
23,invention,উদ্ভাবন
23,sphere,গোলক
23,relative,আপেক্ষিক
23,update,হালনাগাদ
23,space,স্থান
23,travel,ভ্রমণ
23,spacecraft,মহাকাশযান
23,photograph,আলোকচিত্র
23,lonely,একাকী
23,impact,প্রভাব
23,update,হালনাগাদ
23,doubt,সন্দেহ
23,article,প্রবন্ধ
23,surprise,বিস্ময়
24,still,এখনো
24,enjoy,উপভোগ
24,bundle,পাঁজা
24,stick,লাঠি
24,oldest,প্রবীণতম
24,affectionate,অনুরক্ত
24,unite,ঐক্যবদ্ধ
24,tie,টাই
24,opposite,বিপরীত
24,cutting,কাটা
24,wood,কাঠ
24,poor,দরিদ্র
24,salesperson,বিক্রেতা
25,busy,ব্যস্ত
25,reply,উত্তর
25,challenge,চ্যালেঞ্জ
25,peace,শান্তি
25,security,নিরাপত্তা
25,degree,ডিগ্রী
25,organization,সংগঠন
25,belong,অন্তর্গত
25,citizen,নাগরিক
25,clash,সংঘর্ষ
25,global,বিশ্বব্যাপী
25,happen,ঘটা
25,electronic,বৈদ্যুতিক
25,entire,সমগ্র
26,wage,বেতন
26,earner,উপার্জক
26,skill,দক্ষতা
26,economy,অর্থনীতি
26,pleasure,পরিতোষ
26,abroad,বিদেশে
26,foreign,বিদেশী
26,job,কাজ
26,develop,বিকাশ
26,prefer,পছন্দ করা
26,odd,বিজোড়
26,else,আর
26,weather,আবহাওয়া
27,concert,সঙ্গীতানুষ্ঠান
27,thrilled,শিহরিত
27,right,অধিকার
27,singer,গায়ক
27,song,গান
27,suffering,সহন
27,during,সময়
27,struggle,সংগ্রাম
27,war,যুদ্ধ
27,crisis,সঙ্কট
27,distress,মর্মপীড়া
27,lyrics,গানের
27,disaster,বিপর্যয়
27,relieve,উপশম করা
27,passage,উত্তরণ
27,support,সমর্থন
27,stand,থাকা
28,dress,পোশাক
28,medium,মধ্যম
28,guess,অনুমান
28,blue,নীল
28,follow,অনুসরণ করা
28,flat,ফ্ল্যাট
28,polo,পোলো
28,bit,বিট
28,formal,আনুষ্ঠানিক
28,boring,বিরক্তিকর
28,heels,হিল
28,beach,সৈকত
28,cloth,কাপড়
28,print,ছাপা
29,choose,পছন্দ
29,seem,মনে
29,glad,আনন্দিত
29,spring,বসন্ত
29,wing,গরূৎ
29,dreamed,স্বপ্ন
29,stout,স্থুলকায়
29,intonation,স্বরভঙ্গি
30,hop,খোঁড়ান
30,rob,হরণ করা
30,rod,যষ্টি
30,bowl,বাটি
30,stationary,নিশ্চল
30,hope,আশা
31,script,লিপি
31,quiet,শান্ত
31,throw,নিক্ষেপ
31,blow,ঘা
31,ahead,এগিয়ে
31,before,আগে
32,vacation,অবকাশ
32,climb,আরোহণ
32,mountain,পর্বত
32,decide,সিদ্ধান্ত নেন
32,suggestion,পরামর্শ
32,fantastic,চমত্কার
32,expression,অভিব্যক্তি
32,magazine,পত্রিকা
32,completing,পরিপূরক
33,heavily,প্রচন্ডভাবে
33,floods,বন্যা
33,rainfall,বৃষ্টিপাত
33,vast,সুবিশাল
33,happen,ঘটা
33,period,কাল
33,underground,ভূগর্ভস্থ
33,cause,কারণ
33,above,উপরে
34,aunt,মাসি
34,mile,মাইল
34,few,কয়েক
34,plans,পরিকল্পনা সমূহ
34,fresh,তাজা
34,worry,চিন্তা
34,invitation,আমন্ত্রণ
34,inform,জানান
34,whole,গোটা
34,stay,থাকা
34,miss,হারানো
35,garden,বাগান
35,frog,বেঙ
35,toad,বেঙ
35,seed,বীজ
35,put,করা
35,ground,স্থল
35,shout,চিত্কার
35,afraid,ভীত
35,window,জানলা
35,dark,অন্ধকার
35,still,এখনো
35,asleep,ঘুমন্ত
35,anymore,আর
35,planted,নিখাত